goal_angle,0
0.7853981633974483,45.0
1.5707963267948966,90.0
