goal_angle,0
0.7853981633974483,40.409233424907306
1.5707963267948966,87.22495680206339
