goal_angle,0,1,2,3,4
45.0,42.80096440618808,41.182773055724795,41.75161831141213,41.23282864265851,42.6588947180954
90.0,84.19143630753699,85.81593166834942,87.44309183037159,87.19708000863395,87.00861977773532
135.0,132.49931758898208,131.66901397254156,130.66125182266933,132.36126659402834,132.64176025536247
180.0,174.09064761272595,177.75138826273124,177.89675576047767,177.53851835346978,176.45740011391155
