goal_angle,0,1,2,3
45.0,42.16685086548193,42.48907938727164,43.06973948233643,42.174563877889625
90.0,86.36314007234844,87.69547480088944,87.67725461277792,86.9310021915885
